Exercise,Diet,Home Cure,Doctor Type,Medicine
tai chi for stress reduction and balance,increased intake of leafy green vegetables,drinking beetroot juice to improve stamina,a holistic doctor for natural heart remedies,Warfarin - acts as a blood thinner to prevent clots
moderate cycling to regulate blood flow,a Mediterranean diet rich in olive oil and fish,drinking green tea for heart-healthy antioxidants,an electrophysiologist for rhythm disorders,Clopidogrel - prevents platelets from clumping
resistance training to support cardiac health,consuming fruits like berries for antioxidants,consuming ginger to improve circulation,a homeopathy expert for alternative care,Aspirin - helps reduce blood clotting and prevents heart attacks
aerobics for better oxygen use by the heart,eating nuts and seeds for healthy fats,drinking green tea for heart-healthy antioxidants,a heart rehabilitation specialist for recovery,Beta-blockers - help reduce blood pressure and heart workload
climbing stairs to strengthen cardiac muscles,adding beans and legumes for fiber,taking fish oil supplements for heart support,an electrophysiologist for rhythm disorders,Clopidogrel - prevents platelets from clumping
climbing stairs to strengthen cardiac muscles,increased intake of leafy green vegetables,using turmeric to reduce inflammation,a dietitian for managing heart-friendly meals,Aspirin - helps reduce blood clotting and prevents heart attacks
aerobics for better oxygen use by the heart,eating nuts and seeds for healthy fats,taking fish oil supplements for heart support,a homeopathy expert for alternative care,Aspirin - helps reduce blood clotting and prevents heart attacks
daily walking to improve heart strength,avoiding processed foods to protect the heart,using garlic to help reduce blood pressure,a holistic doctor for natural heart remedies,Warfarin - acts as a blood thinner to prevent clots
climbing stairs to strengthen cardiac muscles,limiting added sugars to avoid obesity risks,using cinnamon to stabilize blood sugar,an electrophysiologist for rhythm disorders,Calcium channel blockers - relax heart muscles and lower blood pressure
resistance training to support cardiac health,consuming fruits like berries for antioxidants,taking flaxseed to lower cholesterol,an electrophysiologist for rhythm disorders,Warfarin - acts as a blood thinner to prevent clots
resistance training to support cardiac health,reduced saturated fat for better heart health,drinking beetroot juice to improve stamina,an electrophysiologist for rhythm disorders,Aspirin - helps reduce blood clotting and prevents heart attacks
yoga to reduce stress and improve circulation,increased intake of leafy green vegetables,drinking green tea for heart-healthy antioxidants,a surgeon for critical heart conditions,Diuretics - help remove excess fluid and lower blood pressure
stretching to maintain blood vessel flexibility,consuming fruits like berries for antioxidants,taking fish oil supplements for heart support,a cardiologist for advanced heart treatment,Digoxin - improves heart strength and rhythm
resistance training to support cardiac health,avoiding processed foods to protect the heart,using apple cider vinegar to boost metabolism,a cardiologist for advanced heart treatment,Calcium channel blockers - relax heart muscles and lower blood pressure
climbing stairs to strengthen cardiac muscles,reduced saturated fat for better heart health,consuming ginger to improve circulation,a surgeon for critical heart conditions,Digoxin - improves heart strength and rhythm
stretching to maintain blood vessel flexibility,increased intake of leafy green vegetables,drinking green tea for heart-healthy antioxidants,an electrophysiologist for rhythm disorders,ACE inhibitors - relax blood vessels and lower blood pressure
aerobics for better oxygen use by the heart,consuming fruits like berries for antioxidants,drinking beetroot juice to improve stamina,a preventive cardiologist for risk assessments,Statins - lower cholesterol levels in the blood
stretching to maintain blood vessel flexibility,eating nuts and seeds for healthy fats,taking flaxseed to lower cholesterol,a surgeon for critical heart conditions,Aspirin - helps reduce blood clotting and prevents heart attacks
climbing stairs to strengthen cardiac muscles,whole grains to support arterial function,taking fish oil supplements for heart support,a heart rehabilitation specialist for recovery,Beta-blockers - help reduce blood pressure and heart workload
light jogging to enhance heart rate stability,a low-sodium diet to reduce blood pressure,drinking pomegranate juice for arterial health,a cardiologist for advanced heart treatment,Warfarin - acts as a blood thinner to prevent clots
yoga to reduce stress and improve circulation,consuming fruits like berries for antioxidants,using garlic to help reduce blood pressure,a surgeon for critical heart conditions,ACE inhibitors - relax blood vessels and lower blood pressure
stretching to maintain blood vessel flexibility,consuming fruits like berries for antioxidants,using apple cider vinegar to boost metabolism,a dietitian for managing heart-friendly meals,ACE inhibitors - relax blood vessels and lower blood pressure
stretching to maintain blood vessel flexibility,reduced saturated fat for better heart health,consuming ginger to improve circulation,a holistic doctor for natural heart remedies,Clopidogrel - prevents platelets from clumping
stretching to maintain blood vessel flexibility,consuming fruits like berries for antioxidants,consuming ginger to improve circulation,a preventive cardiologist for risk assessments,Nitroglycerin - relieves chest pain (angina)
aerobics for better oxygen use by the heart,consuming fruits like berries for antioxidants,drinking pomegranate juice for arterial health,a physical therapist for guided heart-safe workouts,Warfarin - acts as a blood thinner to prevent clots
climbing stairs to strengthen cardiac muscles,avoiding processed foods to protect the heart,using apple cider vinegar to boost metabolism,a general physician for initial heart care,ACE inhibitors - relax blood vessels and lower blood pressure
daily walking to improve heart strength,reduced saturated fat for better heart health,consuming ginger to improve circulation,a preventive cardiologist for risk assessments,Statins - lower cholesterol levels in the blood
swimming to boost cardiovascular endurance,increased intake of leafy green vegetables,taking flaxseed to lower cholesterol,a dietitian for managing heart-friendly meals,ACE inhibitors - relax blood vessels and lower blood pressure
resistance training to support cardiac health,whole grains to support arterial function,using garlic to help reduce blood pressure,a physical therapist for guided heart-safe workouts,Warfarin - acts as a blood thinner to prevent clots
resistance training to support cardiac health,a low-sodium diet to reduce blood pressure,drinking pomegranate juice for arterial health,a general physician for initial heart care,Warfarin - acts as a blood thinner to prevent clots
aerobics for better oxygen use by the heart,whole grains to support arterial function,consuming ginger to improve circulation,a cardiologist for advanced heart treatment,Calcium channel blockers - relax heart muscles and lower blood pressure
climbing stairs to strengthen cardiac muscles,whole grains to support arterial function,using cinnamon to stabilize blood sugar,a cardiologist for advanced heart treatment,ACE inhibitors - relax blood vessels and lower blood pressure
swimming to boost cardiovascular endurance,increased intake of leafy green vegetables,drinking beetroot juice to improve stamina,a dietitian for managing heart-friendly meals,Digoxin - improves heart strength and rhythm
yoga to reduce stress and improve circulation,a Mediterranean diet rich in olive oil and fish,consuming ginger to improve circulation,a homeopathy expert for alternative care,ACE inhibitors - relax blood vessels and lower blood pressure
resistance training to support cardiac health,adding beans and legumes for fiber,drinking beetroot juice to improve stamina,a holistic doctor for natural heart remedies,Statins - lower cholesterol levels in the blood
swimming to boost cardiovascular endurance,adding beans and legumes for fiber,using cinnamon to stabilize blood sugar,a homeopathy expert for alternative care,Clopidogrel - prevents platelets from clumping
resistance training to support cardiac health,limiting added sugars to avoid obesity risks,taking fish oil supplements for heart support,a holistic doctor for natural heart remedies,Statins - lower cholesterol levels in the blood
light jogging to enhance heart rate stability,eating nuts and seeds for healthy fats,consuming ginger to improve circulation,a general physician for initial heart care,Calcium channel blockers - relax heart muscles and lower blood pressure
yoga to reduce stress and improve circulation,consuming fruits like berries for antioxidants,taking fish oil supplements for heart support,a physical therapist for guided heart-safe workouts,Calcium channel blockers - relax heart muscles and lower blood pressure
climbing stairs to strengthen cardiac muscles,a low-sodium diet to reduce blood pressure,using turmeric to reduce inflammation,a heart rehabilitation specialist for recovery,ACE inhibitors - relax blood vessels and lower blood pressure
tai chi for stress reduction and balance,adding beans and legumes for fiber,using apple cider vinegar to boost metabolism,a cardiologist for advanced heart treatment,Statins - lower cholesterol levels in the blood
resistance training to support cardiac health,whole grains to support arterial function,using turmeric to reduce inflammation,a dietitian for managing heart-friendly meals,Warfarin - acts as a blood thinner to prevent clots
aerobics for better oxygen use by the heart,increased intake of leafy green vegetables,using turmeric to reduce inflammation,an electrophysiologist for rhythm disorders,Beta-blockers - help reduce blood pressure and heart workload
daily walking to improve heart strength,a Mediterranean diet rich in olive oil and fish,drinking beetroot juice to improve stamina,a general physician for initial heart care,Digoxin - improves heart strength and rhythm
moderate cycling to regulate blood flow,reduced saturated fat for better heart health,drinking beetroot juice to improve stamina,a cardiologist for advanced heart treatment,Beta-blockers - help reduce blood pressure and heart workload
daily walking to improve heart strength,avoiding processed foods to protect the heart,drinking beetroot juice to improve stamina,a cardiologist for advanced heart treatment,Diuretics - help remove excess fluid and lower blood pressure
light jogging to enhance heart rate stability,eating nuts and seeds for healthy fats,using cinnamon to stabilize blood sugar,a surgeon for critical heart conditions,Nitroglycerin - relieves chest pain (angina)
resistance training to support cardiac health,increased intake of leafy green vegetables,taking fish oil supplements for heart support,a preventive cardiologist for risk assessments,Beta-blockers - help reduce blood pressure and heart workload
stretching to maintain blood vessel flexibility,increased intake of leafy green vegetables,drinking pomegranate juice for arterial health,a physical therapist for guided heart-safe workouts,Nitroglycerin - relieves chest pain (angina)
light jogging to enhance heart rate stability,a low-sodium diet to reduce blood pressure,taking flaxseed to lower cholesterol,a cardiologist for advanced heart treatment,Calcium channel blockers - relax heart muscles and lower blood pressure
tai chi for stress reduction and balance,a Mediterranean diet rich in olive oil and fish,drinking beetroot juice to improve stamina,a cardiologist for advanced heart treatment,Diuretics - help remove excess fluid and lower blood pressure
moderate cycling to regulate blood flow,a Mediterranean diet rich in olive oil and fish,using garlic to help reduce blood pressure,a general physician for initial heart care,Aspirin - helps reduce blood clotting and prevents heart attacks
moderate cycling to regulate blood flow,a Mediterranean diet rich in olive oil and fish,drinking beetroot juice to improve stamina,an electrophysiologist for rhythm disorders,Warfarin - acts as a blood thinner to prevent clots
light jogging to enhance heart rate stability,limiting added sugars to avoid obesity risks,drinking pomegranate juice for arterial health,a preventive cardiologist for risk assessments,Warfarin - acts as a blood thinner to prevent clots
tai chi for stress reduction and balance,adding beans and legumes for fiber,drinking beetroot juice to improve stamina,a cardiologist for advanced heart treatment,Calcium channel blockers - relax heart muscles and lower blood pressure
aerobics for better oxygen use by the heart,whole grains to support arterial function,taking fish oil supplements for heart support,a general physician for initial heart care,Warfarin - acts as a blood thinner to prevent clots
aerobics for better oxygen use by the heart,reduced saturated fat for better heart health,taking fish oil supplements for heart support,a homeopathy expert for alternative care,Digoxin - improves heart strength and rhythm
swimming to boost cardiovascular endurance,limiting added sugars to avoid obesity risks,using garlic to help reduce blood pressure,a physical therapist for guided heart-safe workouts,Aspirin - helps reduce blood clotting and prevents heart attacks
tai chi for stress reduction and balance,a low-sodium diet to reduce blood pressure,using turmeric to reduce inflammation,an electrophysiologist for rhythm disorders,Beta-blockers - help reduce blood pressure and heart workload
daily walking to improve heart strength,avoiding processed foods to protect the heart,drinking beetroot juice to improve stamina,a physical therapist for guided heart-safe workouts,Digoxin - improves heart strength and rhythm
resistance training to support cardiac health,limiting added sugars to avoid obesity risks,taking fish oil supplements for heart support,a dietitian for managing heart-friendly meals,Aspirin - helps reduce blood clotting and prevents heart attacks
light jogging to enhance heart rate stability,reduced saturated fat for better heart health,drinking pomegranate juice for arterial health,a heart rehabilitation specialist for recovery,Statins - lower cholesterol levels in the blood
swimming to boost cardiovascular endurance,reduced saturated fat for better heart health,using turmeric to reduce inflammation,a holistic doctor for natural heart remedies,Warfarin - acts as a blood thinner to prevent clots
stretching to maintain blood vessel flexibility,avoiding processed foods to protect the heart,using garlic to help reduce blood pressure,a cardiologist for advanced heart treatment,Beta-blockers - help reduce blood pressure and heart workload
stretching to maintain blood vessel flexibility,reduced saturated fat for better heart health,using garlic to help reduce blood pressure,a homeopathy expert for alternative care,Aspirin - helps reduce blood clotting and prevents heart attacks
swimming to boost cardiovascular endurance,consuming fruits like berries for antioxidants,taking flaxseed to lower cholesterol,a holistic doctor for natural heart remedies,Diuretics - help remove excess fluid and lower blood pressure
climbing stairs to strengthen cardiac muscles,increased intake of leafy green vegetables,using apple cider vinegar to boost metabolism,a preventive cardiologist for risk assessments,ACE inhibitors - relax blood vessels and lower blood pressure
stretching to maintain blood vessel flexibility,consuming fruits like berries for antioxidants,using turmeric to reduce inflammation,a physical therapist for guided heart-safe workouts,Beta-blockers - help reduce blood pressure and heart workload
resistance training to support cardiac health,consuming fruits like berries for antioxidants,using apple cider vinegar to boost metabolism,a cardiologist for advanced heart treatment,Statins - lower cholesterol levels in the blood
yoga to reduce stress and improve circulation,whole grains to support arterial function,using cinnamon to stabilize blood sugar,a homeopathy expert for alternative care,Digoxin - improves heart strength and rhythm
light jogging to enhance heart rate stability,consuming fruits like berries for antioxidants,using cinnamon to stabilize blood sugar,a surgeon for critical heart conditions,Diuretics - help remove excess fluid and lower blood pressure
yoga to reduce stress and improve circulation,limiting added sugars to avoid obesity risks,drinking green tea for heart-healthy antioxidants,a preventive cardiologist for risk assessments,Clopidogrel - prevents platelets from clumping
tai chi for stress reduction and balance,whole grains to support arterial function,drinking green tea for heart-healthy antioxidants,a cardiologist for advanced heart treatment,Aspirin - helps reduce blood clotting and prevents heart attacks
swimming to boost cardiovascular endurance,reduced saturated fat for better heart health,using cinnamon to stabilize blood sugar,a general physician for initial heart care,Aspirin - helps reduce blood clotting and prevents heart attacks
light jogging to enhance heart rate stability,a low-sodium diet to reduce blood pressure,using garlic to help reduce blood pressure,a holistic doctor for natural heart remedies,Clopidogrel - prevents platelets from clumping
aerobics for better oxygen use by the heart,eating nuts and seeds for healthy fats,drinking beetroot juice to improve stamina,a preventive cardiologist for risk assessments,ACE inhibitors - relax blood vessels and lower blood pressure
resistance training to support cardiac health,reduced saturated fat for better heart health,drinking beetroot juice to improve stamina,a physical therapist for guided heart-safe workouts,Digoxin - improves heart strength and rhythm
climbing stairs to strengthen cardiac muscles,a low-sodium diet to reduce blood pressure,using apple cider vinegar to boost metabolism,a preventive cardiologist for risk assessments,Clopidogrel - prevents platelets from clumping
moderate cycling to regulate blood flow,whole grains to support arterial function,drinking beetroot juice to improve stamina,a general physician for initial heart care,ACE inhibitors - relax blood vessels and lower blood pressure
light jogging to enhance heart rate stability,avoiding processed foods to protect the heart,using cinnamon to stabilize blood sugar,a cardiologist for advanced heart treatment,Clopidogrel - prevents platelets from clumping
yoga to reduce stress and improve circulation,limiting added sugars to avoid obesity risks,using garlic to help reduce blood pressure,a dietitian for managing heart-friendly meals,Warfarin - acts as a blood thinner to prevent clots
resistance training to support cardiac health,avoiding processed foods to protect the heart,drinking beetroot juice to improve stamina,a homeopathy expert for alternative care,ACE inhibitors - relax blood vessels and lower blood pressure
aerobics for better oxygen use by the heart,consuming fruits like berries for antioxidants,using cinnamon to stabilize blood sugar,a physical therapist for guided heart-safe workouts,Aspirin - helps reduce blood clotting and prevents heart attacks
yoga to reduce stress and improve circulation,consuming fruits like berries for antioxidants,taking flaxseed to lower cholesterol,a general physician for initial heart care,Beta-blockers - help reduce blood pressure and heart workload
swimming to boost cardiovascular endurance,consuming fruits like berries for antioxidants,taking flaxseed to lower cholesterol,a preventive cardiologist for risk assessments,Clopidogrel - prevents platelets from clumping
swimming to boost cardiovascular endurance,limiting added sugars to avoid obesity risks,consuming ginger to improve circulation,a homeopathy expert for alternative care,Beta-blockers - help reduce blood pressure and heart workload
aerobics for better oxygen use by the heart,consuming fruits like berries for antioxidants,drinking green tea for heart-healthy antioxidants,a heart rehabilitation specialist for recovery,Aspirin - helps reduce blood clotting and prevents heart attacks
yoga to reduce stress and improve circulation,eating nuts and seeds for healthy fats,using cinnamon to stabilize blood sugar,a preventive cardiologist for risk assessments,Beta-blockers - help reduce blood pressure and heart workload
stretching to maintain blood vessel flexibility,avoiding processed foods to protect the heart,drinking green tea for heart-healthy antioxidants,a holistic doctor for natural heart remedies,Statins - lower cholesterol levels in the blood
light jogging to enhance heart rate stability,consuming fruits like berries for antioxidants,using apple cider vinegar to boost metabolism,an electrophysiologist for rhythm disorders,Calcium channel blockers - relax heart muscles and lower blood pressure
light jogging to enhance heart rate stability,consuming fruits like berries for antioxidants,taking flaxseed to lower cholesterol,a homeopathy expert for alternative care,Digoxin - improves heart strength and rhythm
aerobics for better oxygen use by the heart,avoiding processed foods to protect the heart,drinking green tea for heart-healthy antioxidants,a heart rehabilitation specialist for recovery,Aspirin - helps reduce blood clotting and prevents heart attacks
daily walking to improve heart strength,limiting added sugars to avoid obesity risks,using cinnamon to stabilize blood sugar,a preventive cardiologist for risk assessments,Digoxin - improves heart strength and rhythm
swimming to boost cardiovascular endurance,consuming fruits like berries for antioxidants,taking fish oil supplements for heart support,a general physician for initial heart care,Calcium channel blockers - relax heart muscles and lower blood pressure
daily walking to improve heart strength,adding beans and legumes for fiber,consuming ginger to improve circulation,a general physician for initial heart care,Statins - lower cholesterol levels in the blood
daily walking to improve heart strength,a Mediterranean diet rich in olive oil and fish,taking flaxseed to lower cholesterol,a cardiologist for advanced heart treatment,Warfarin - acts as a blood thinner to prevent clots
stretching to maintain blood vessel flexibility,a low-sodium diet to reduce blood pressure,drinking green tea for heart-healthy antioxidants,a physical therapist for guided heart-safe workouts,ACE inhibitors - relax blood vessels and lower blood pressure
resistance training to support cardiac health,eating nuts and seeds for healthy fats,consuming ginger to improve circulation,a homeopathy expert for alternative care,Calcium channel blockers - relax heart muscles and lower blood pressure
swimming to boost cardiovascular endurance,a Mediterranean diet rich in olive oil and fish,drinking green tea for heart-healthy antioxidants,a homeopathy expert for alternative care,ACE inhibitors - relax blood vessels and lower blood pressure
daily walking to improve heart strength,a low-sodium diet to reduce blood pressure,taking fish oil supplements for heart support,an electrophysiologist for rhythm disorders,Beta-blockers - help reduce blood pressure and heart workload
